氏名,氏名（ひらがな）,年齢,生年月日,性別,血液型,メアド,電話番号,携帯電話番号,郵便番号,住所,会社名,クレジットカード,有効期限,マイナンバー
柳楽 静佳,なぎら しずか,41,1981-06-28,女,B,nagira_shizuka@example.co.jp,03-3667-5554,080-7425-6656,754-0015,山口県山口市小郡大江町2-4-16,株式会社キタムラ,377092055752280,07/27,502912749099
竹尾 栄,たけお さかえ,43,1979-03-15,男,A,sakaetakeo@example.com,0783-42-1587,070-9129-3183,699-0812,島根県出雲市湖陵町二部4-1-6,株式会社プレジール,4621202735041234,07/25,681787600844
佐俣 明浩,さまた あきひろ,51,1971-06-08,男,O,samataakihiro@example.com,03-5601-4936,050-6498-3132,453-0023,愛知県名古屋市中村区若宮町1-1-4,有限会社加藤商店,5351392201657044,01/30,660183330445
芹澤 健治,せりざわ けんじ,52,1970-02-21,男,O,serizawa@example.co.jp,0643-33-5971,080-2125-9171,924-0861,石川県白山市横町2-4-7,株式会社創新,4502163390249703,01/24,145878186263
野坂 郁,のさか かおる,77,1944-12-07,男,AB,kaoru_nosaka@example.com,05-5033-5564,050-1384-3252,390-0303,長野県松本市浅間温泉3-3-15,NaN,5042105502898954,11/23,352966438064
高嶋 千晶,たかしま ちあき,34,1988-07-15,女,B,chiaki_takashima@example.jp,0758-24-2868,080-6498-2033,425-0061,静岡県焼津市中根2-3-5,株式会社セントラル,373801694435415,08/28,625798640159
日笠 麻央,ひかさ まお,48,1974-07-02,男,AB,hikasa_mao@example.co.jp,0796-61-3122,070-2899-4503,790-508,北海道雨竜郡妹背牛町８区3-4-17,有限会社つるや,5457106511872182,04/28,180116930381
坂田 菜々子,さかた ななこ,34,1987-10-19,女,A,sakata_nanako@example.ne.jp,0567-98-6320,090-1577-4109,640-0403,和歌山県紀の川市貴志川町尼寺4-4-3,有限会社コスモ,373738186093663,05/25,287413832843
鶴井 耕一,つるい こういち,42,1980-02-18,男,A,kouichitsurui@example.co.jp,03-7555-5006,070-2580-1115,668-0238,兵庫県豊岡市出石町弘原1-3-13,株式会社ブレイブ,4852722933392711,01/29,462690503700
安田 美沙子,やすだ みさこ,77,1944-10-30,女,O,misako_yasuda@example.co.jp,0453-83-6475,080-3470-6968,509-2206,岐阜県下呂市幸田5-2-15,NaN,5796603716521463,03/32,585385197090
金井 一馬,かない かずま,35,1987-01-17,男,B,kazuma_kanai@example.com,0754-63-5567,070-7330-5145,857-0134,長崎県佐世保市瀬戸越5-4-24,有限会社橋本商店,370177774223938,05/31,760311388745
二見 貴彦,ふたみ たかひこ,46,1976-07-04,男,A,futami_takahiko@example.com,03-8212-6783,080-8853-2917,781-4211,高知県香美市香北町韮生野5-1-9,有限会社岩崎商店,4013490920411358,11/31,170511534237
青田 英代,あおた ひでよ,78,1944-05-01,女,A,hideyo_aota@example.jp,08-5853-3380,080-7219-1528,426-0028,静岡県藤枝市益津下1-4-25,NaN,5183490200692875,12/28,861365886806
三宅 智彦,みやけ ともひこ,30,1992-01-03,男,A,miyake_tomohiko@example.jp,07-6534-3230,090-3198-9054,981-708,北海道紋別郡雄武町上幌内2-5-21,有限会社小林工業,5843450451441341,03/31,955105491536
二瓶 敏明,にへい としあき,67,1955-08-02,男,AB,toshiaki@example.com,0639-70-1372,070-8811-8399,925-0134,石川県羽咋郡志賀町上棚5-5-26,NaN,378044662717717,12/26,685732513296
宇佐見 圭祐,うさみ けいすけ,71,1951-04-07,男,O,usami@example.com,08-3831-9036,080-2391-8911,565-0854,大阪府吹田市桃山台5-3-13,NaN,5980041631655237,09/30,151099895629
森井 将幸,もりい まさゆき,63,1959-08-05,男,A,morii_masayuki@example.ne.jp,03-4462-9664,080-8984-4176,998-0075,山形県酒田市高砂1-1-3,NaN,5455184114962507,11/26,267423544414
月森 久子,つきもり ひさこ,23,1999-04-13,女,O,hisako@example.co.jp,07-6977-4324,070-6253-4055,510-0102,三重県四日市市楠町吉崎4-1-23,有限会社アルファー,4647627858809000,07/24,121312473894
矢加部 幸恵,やかべ ゆきえ,65,1957-06-16,女,AB,yakabe@example.jp,03-5578-8514,050-3344-8966,939-1967,富山県南砺市小原5-4-28,NaN,5097430148422758,03/23,612612520196
亀山 将士,かめやま まさし,64,1958-05-17,男,AB,kameyama_masashi@example.jp,03-3315-3722,050-5583-1188,911-0832,福井県勝山市遅羽町蓬生3-4-10,NaN,374241785862416,09/25,899680797908
松岡 信行,まつおか のぶゆき,37,1985-09-28,男,AB,matsuoka@example.com,03-8635-6433,050-6896-3069,516-0071,三重県伊勢市一之木1-4-5,東洋商事株式会社,370490619050215,08/30,535495625939
外山 岳史,とやま たかふみ,77,1945-06-03,男,O,toyama_takafumi@example.co.jp,07-5492-1793,070-6875-1167,611-148,北海道北広島市山手町1-1-2,NaN,378613277864130,08/23,100889583026
藤森 真理,ふじもり まり,74,1948-04-06,女,B,fujimori_mari@example.co.jp,07-2365-3541,050-1948-2379,337-0011,埼玉県さいたま市見沼区宮ケ谷塔5-2-22,NaN,5381838272207986,09/28,609397108376
生駒 遊,いこま ゆう,45,1977-09-14,男,B,yuu_ikoma@example.com,04-3493-4878,070-5630-8934,656-2153,兵庫県淡路市木曽上畑3-3-10,株式会社ニットー,373889278704987,01/30,193710316820
半田 裕司,はんだ ゆうじ,46,1976-04-22,男,A,handa_yuuji@example.com,03-6573-1500,050-3338-4255,808-0024,福岡県北九州市若松区浜町5-3-4,株式会社T＆T,4345540528432830,12/26,512092471930
石倉 晋太郎,いしくら しんたろう,50,1972-01-12,男,AB,ishikurashintarou@example.jp,0840-76-3409,050-1543-4963,340-0035,埼玉県草加市西町3-5-19,加藤建設株式会社,5773806595411796,08/28,390724855622
國分 沙織,こくぶん さおり,75,1947-09-09,女,AB,saori@example.com,03-3579-8640,090-2244-9156,279-0001,千葉県浦安市当代島1-1-2,NaN,376529011806058,04/24,990424574650
湯浅 愛加,ゆあさ あいか,70,1951-11-28,女,A,yuasaaika@example.com,0447-64-8024,090-4949-7087,839-0807,福岡県久留米市東合川町2-3-25,NaN,4598863802626067,10/23,275161063130
池 睦子,いけ むつこ,45,1977-04-10,女,A,ike@example.com,03-9916-3104,050-7058-1977,794-0801,愛媛県今治市東鳥生町3-2-16,株式会社大貴,4443967166559649,03/28,705317450069
羽賀 哲,はが さとし,67,1955-02-14,男,AB,hagasatoshi@example.com,0764-98-8551,090-2073-1062,370-3505,群馬県北群馬郡榛東村上野原1-2-3,NaN,375217014898643,09/31,892880137350
小柳 英昭,こやなぎ ひであき,73,1949-06-04,その他・不明,A,koyanagi_hideaki@example.co.jp,0589-95-5306,080-9645-5031,903-0815,沖縄県那覇市首里金城町1-2-18,NaN,5110327766380932,01/23,959110922205
尾関 洋士,おぜき ひろし,46,1975-12-26,男,B,ozeki_hiroshi@example.co.jp,06-8029-2372,080-8298-6043,987-2333,宮城県栗原市一迫要害3-2-1,有限会社吉田産業,4934743795600109,09/27,159927573706
藤井 武彦,ふじい たけひこ,22,2000-02-03,男,O,takehiko@example.net,03-4916-8525,090-5575-5190,930-0465,富山県中新川郡上市町大沢3-4-4,株式会社KTS,4754609052697275,10/32,991693095991
横田 政孝,よこた まさたか,29,1993-08-10,その他・不明,O,masatakayokota@example.co.jp,0610-77-6297,050-3108-7815,390-0836,長野県松本市高宮北3-1-11,有限会社ナイス,5922142197483107,02/23,262169968144
諸角 孔明,もろずみ よしあき,80,1941-11-21,男,B,morozumi_yoshiaki@example.co.jp,08-8653-2687,050-1867-4412,785-0776,高知県高岡郡檮原町家籠戸3-1-21,NaN,4882737676230757,09/30,373920598748
桐村 秀美,きりむら ひでみ,59,1963-06-05,女,B,kirimura_hidemi@example.co.jp,03-9863-3505,070-1059-6925,672-8013,兵庫県姫路市白浜町宇佐崎北5-4-28,株式会社ユース,4068773053072300,05/31,505015157594
納富 あさ美,のうとみ あさみ,63,1959-01-09,女,AB,asami@example.co.jp,04-8996-5894,080-5789-4220,992-0117,山形県米沢市川井1-5-20,NaN,5398332633125927,09/31,393937516147
田崎 康恵,たさき やすえ,77,1945-03-02,女,B,tasaki@example.co.jp,0860-13-9058,070-2080-8925,847-1422,佐賀県東松浦郡玄海町新田2-1-19,NaN,5446894747768890,06/26,302131377875
村居 康裕,むらい やすひろ,58,1964-05-19,男,AB,muraiyasuhiro@example.net,0618-83-9786,070-7995-1883,130-107,秋田県横手市平鹿町下吉田2-2-2,株式会社エムアンドエム,4710421994912836,07/30,379075457812
堺 仁,さかい ひとし,34,1988-09-25,男,B,sakai@example.ne.jp,04-3508-3831,070-7341-7191,649-4126,和歌山県東牟婁郡串本町姫川5-1-28,株式会社創和,4278826928975030,01/28,769644879634
飯沼 洋充,いいぬま ひろみつ,22,2000-09-16,男,AB,iinuma@example.ne.jp,03-2446-2796,080-3641-7055,510-0072,三重県四日市市九の城町1-3-21,株式会社ヨコタ,5434173102981725,04/32,138899862778
西平 陵子,にしひら りょうこ,67,1954-12-18,女,B,ryoukonishihira@example.jp,03-4301-3596,050-1358-6697,720-0831,広島県福山市草戸町1-4-19,NaN,4633128045287013,12/24,972581638568
吉岡 賢三,よしおか けんぞう,63,1959-08-09,その他・不明,AB,yoshiokakenzou@example.jp,0729-72-6456,080-3013-9018,352-0024,埼玉県新座市道場2-3-20,NaN,377139226157452,09/29,920805523128
蒲池 こうじ,かまち こうじ,54,1968-07-14,男,AB,kamachi_kouji@example.co.jp,07-9981-9144,090-2273-8582,857-2328,長崎県西海市大瀬戸町雪浦下釜郷2-2-16,株式会社マツイ,379355582533729,07/24,458469102774
小塚 幸,こづか さち,60,1962-08-05,女,B,kozuka@example.net,06-4613-3356,070-1634-6067,649-7104,和歌山県伊都郡かつらぎ町平1-2-9,株式会社ウェーブ,4203230657677985,07/28,269412421395
武智 大治,たけち たいじ,65,1957-04-16,男,A,taiji@example.co.jp,0870-17-2278,070-7032-1525,277-0844,千葉県柏市西町2-2-10,NaN,5583417772934049,07/27,220500886184
門司 美冴,もんじ みさ,61,1961-10-03,女,B,misa@example.com,03-1849-6892,090-9947-9914,853-0312,長崎県五島市岐宿町中嶽1-5-28,NaN,4090522043130337,10/29,601793677096
岩瀬 明男,いわせ あきお,35,1987-05-07,男,AB,akio_iwase@example.jp,06-3882-7246,050-1226-6023,949-6406,新潟県南魚沼市竹俣新田1-3-28,有限会社井上工業,5599728094345683,09/26,579421806076
鳴海 純一郎,なるみ じゅんいちろう,45,1977-09-30,男,B,jun'ichirou_narumi@example.co.jp,07-7574-4614,070-3306-3485,731-0202,広島県広島市安佐北区大林町3-2-24,有限会社四季,370231538034446,04/30,948353190243
森重 宗和,もりしげ ひろかず,38,1983-10-16,男,B,hirokazu_morishige@example.co.jp,03-7016-3019,050-7076-9038,280-143,岩手県花巻市東和町上浮田2-3-8,株式会社大雅,5755724523984402,05/26,530208423795
瀧内 瑠衣,たきうち るい,47,1975-07-29,女,A,takiuchi_rui@example.ne.jp,04-7382-4058,070-9408-2871,862-0950,熊本県熊本市中央区水前寺1-2-21,有限会社佐々木製作所,373185134249369,08/24,129319052631
城井 伸一朗,しろい しんいちろう,67,1955-06-21,男,A,shiroi_shin'ichirou@example.co.jp,03-1792-4579,070-1103-7933,699-0731,島根県出雲市大社町遙堪5-5-7,NaN,4839147359638277,11/27,207216980086
椎名 麻梨,しいな まり,62,1960-09-17,女,AB,mari_shiina@example.ne.jp,04-7516-9685,070-1166-6105,300-1423,茨城県稲敷市太田3-1-22,NaN,5486843783151752,06/28,664401325768
関谷 富美子,せきや ふみこ,58,1964-06-28,女,AB,fumiko_sekiya@example.net,0459-36-1093,090-4558-3189,939-2401,富山県富山市八尾町東葛坂3-5-3,有限会社テクニカ,4274061149048971,06/32,916550025509
石倉 香奈,いしくら かな,42,1980-07-20,女,O,kana@example.com,05-3509-3106,050-4771-2483,879-1126,大分県宇佐市江熊2-5-2,株式会社タナカ,5224279042922390,12/26,115013658010
小嶋 一生,こじま いっしょう,68,1954-01-09,男,O,isshou_kojima@example.ne.jp,03-2379-5373,090-8106-4974,441-0322,愛知県豊川市御津町豊沢大沢1-1-12,NaN,5641763641952906,12/23,828334462511
松川 昭博,まつかわ あきひろ,24,1998-06-26,男,AB,akihiromatsukawa@example.net,03-4292-7561,090-1876-1413,956-0024,新潟県新潟市秋葉区山谷町4-1-19,有限会社タクミ,4061251654058742,02/29,362298022854
玉山 昌幸,たまやま まさゆき,76,1945-11-01,男,B,tamayama_masayuki@example.co.jp,04-7118-1887,050-9118-9555,621-0041,京都府亀岡市千代川町小川3-5-29,NaN,4819058176329962,09/23,965589596395
澤田 万希子,さわだ まきこ,21,2001-05-24,女,O,makiko_sawada@example.net,0889-57-7980,050-6110-5630,938-0172,富山県黒部市宇奈月町土山1-3-14,株式会社サクラ,374239474466049,04/23,991615748576
加賀美 清治,かがみ せいじ,42,1980-04-14,男,O,seijikagami@example.co.jp,05-1766-9411,070-9114-3631,771-1704,徳島県阿波市阿波町八丁原2-5-21,株式会社サクラ,4152392036500822,11/31,201876108947
寺元 恒一郎,てらもと こういちろう,57,1964-12-06,男,B,teramoto@example.ne.jp,03-6365-6560,090-8681-3407,294-207,岩手県奥州市前沢大桜1-5-1,有限会社アイ企画,374272393973279,01/24,550644227643
帆足 善隆,ほあし よしたか,48,1974-03-15,男,AB,hoashiyoshitaka@example.com,03-3568-2024,050-2741-9733,297-0036,千葉県茂原市上永吉1-4-22,有限会社オービット,376967571068248,07/25,993873573603
岩城 友子,いわき ともこ,61,1961-02-28,女,AB,tomoko@example.ne.jp,0532-68-6118,090-8057-8090,829-0332,福岡県築上郡築上町越路3-5-10,NaN,379327128418685,01/24,830942565423
津崎 崇行,つざき たかゆき,72,1950-05-27,男,B,takayuki@example.net,05-1942-6446,090-1201-9813,329-0216,栃木県小山市楢木5-4-16,NaN,4171668107570124,03/32,799738430883
江渕 英明,えぶち ひであき,64,1958-04-12,男,A,hideaki_ebuchi@example.jp,0620-55-7795,080-3653-6820,638-0021,奈良県吉野郡下市町長谷4-5-16,NaN,4079909871494485,04/32,961479561492
陣内 久人,じんない ひさと,27,1995-09-11,男,B,jinnai_hisato@example.jp,0412-29-4066,050-2196-2577,914-0303,福井県敦賀市追分2-2-4,株式会社ジパング,4724386623105594,07/24,812381145469
寺内 沙也香,てらうち さやか,72,1950-01-15,女,AB,sayakaterauchi@example.jp,05-1991-4410,090-8384-6637,329-3126,栃木県那須塩原市中内5-3-18,NaN,4929927241113452,03/25,208639312042
藤平 千明,ふじひら ちあき,63,1959-09-09,女,O,fujihirachiaki@example.net,03-5241-7824,050-2679-4112,442-0043,愛知県豊川市新宿町4-3-9,NaN,373936263076526,12/26,771066513029
松江 佑,まつえ ゆう,34,1987-12-13,男,B,matsueyuu@example.jp,06-9643-2918,050-5617-7775,989-0252,宮城県白石市西益岡町3-5-27,株式会社佐藤組,4735338320078448,04/28,591310138317
中瀬 怜,なかせ れい,38,1984-07-12,その他・不明,A,rei@example.ne.jp,03-1199-7388,050-7651-6635,441-8006,愛知県豊橋市高洲町2-3-12,有限会社青木商事,4810583586136036,04/31,514382293183
重村 宏史,しげむら ひろし,50,1972-04-30,男,AB,hiroshi@example.co.jp,06-5588-5295,070-1221-3532,823-0004,福岡県宮若市磯光4-3-22,有限会社美和,5996537904785555,03/32,419567470646
奥村 智和,おくむら ともかず,44,1978-02-04,男,O,tomokazu_okumura@example.jp,03-8347-9157,090-7857-2918,299-2705,千葉県南房総市和田町真浦3-2-18,有限会社ユニバーサル,4966829222865114,06/26,980107232928
塙 大和,はなわ はるな,56,1966-04-21,男,B,hanawa_haruna@example.ne.jp,0897-32-9861,080-6286-4975,493-121,北海道二海郡八雲町上八雲3-3-24,有限会社内田商店,5485105548948110,04/29,774028869578
廣橋 俊作,ひろはし しゅんさく,64,1958-08-07,男,B,hirohashi_shunsaku@example.net,03-4705-5587,070-2545-6978,637-1553,奈良県吉野郡十津川村山手4-4-18,NaN,4897866774323927,03/23,626882883257
澤崎 裕也,さわざき ゆうや,49,1973-10-09,男,A,yuuya_sawazaki@example.net,0840-66-3834,080-3604-2974,492-8387,愛知県稲沢市横野神田町3-4-29,株式会社ウェーブ,4719291642026204,03/25,278459135565
猪瀬 明史,いのせ あきふみ,45,1977-02-19,その他・不明,AB,inose_akifumi@example.net,0862-37-6864,090-3726-9749,927-2333,石川県輪島市門前町馬場3-3-20,協和商事株式会社,5816300127048706,07/24,745710484353
具志堅 夏子,ぐしけん なつこ,58,1964-02-24,女,AB,natsuko_gushiken@example.net,08-9810-5645,070-6652-4072,790-0878,愛媛県松山市勝山町1-3-26,株式会社佐藤製作所,377120802123634,06/24,255397224718
外園 和子,ほかぞの かずこ,27,1995-04-11,女,AB,kazuko@example.jp,03-8164-7568,090-4591-7270,612-8019,京都府京都市伏見区桃山町新町4-4-17,有限会社ワーク,5807016667631279,02/26,347041531451
生島 裕司,いくしま ゆうじ,77,1944-12-16,男,O,yuuji_ikushima@example.co.jp,03-2318-2317,070-7501-1051,513-0004,三重県鈴鹿市加佐登2-4-2,NaN,4876182698608099,10/26,261071701746
薗田 綾乃,そのだ あやの,29,1993-03-13,女,B,sonoda_ayano@example.com,0634-25-4595,050-1109-6581,958-0041,新潟県村上市岩船三日市5-1-28,有限会社興和,5058640344366303,05/26,438982741551
三ツ橋 泰三,みつはし たいぞう,65,1956-10-18,男,O,mitsuhashitaizou@example.com,0416-86-1090,070-7698-1779,770-0822,徳島県徳島市東出来島町1-5-18,NaN,370376792469535,10/26,560382891905
森内 弘徳,もりうち ひろのり,43,1979-05-06,男,B,hironori@example.co.jp,07-1795-2276,070-4193-7987,715-0003,岡山県井原市東江原町2-5-29,株式会社ARK,5713653834070339,11/22,568678537950
福島 宏晃,ふくしま ひろあき,54,1968-01-29,男,A,hiroaki@example.net,06-1815-4253,090-3591-7441,379-2111,群馬県前橋市飯土井町2-3-20,株式会社プリズム,4772137802393256,11/27,345415672487
柚木 真帆,ゆのき まほ,44,1977-12-08,女,O,maho@example.net,03-8382-3581,070-5127-7145,779-3404,徳島県吉野川市山川町麻掛4-4-2,株式会社タカミ,5786275038559584,01/31,682775898942
萩本 香苗,はぎもと かなえ,58,1964-05-08,女,A,hagimotokanae@example.jp,04-5875-7983,090-5148-7329,981-4363,宮城県加美郡加美町滝下2-4-18,株式会社ユース,372759686925009,04/28,345729754437
原 麻央,はら まお,36,1986-05-26,男,AB,haramao@example.jp,08-5083-8006,090-2587-2721,987-0402,宮城県登米市南方町戸根屋敷5-4-29,株式会社K＆T,4476400337369872,09/32,920287702979
生井 晴美,なまい はるみ,66,1956-08-28,女,AB,harumi_namai@example.co.jp,03-4597-8882,050-2106-9607,997-1203,山形県鶴岡市金沢4-3-18,NaN,5206295928265915,12/22,781212665672
小柏 康高,おがしわ やすたか,24,1998-05-18,男,O,ogashiwa@example.co.jp,0467-84-3150,090-7508-4988,647-1271,奈良県吉野郡十津川村竹筒5-5-27,株式会社扇屋,4009869138121243,11/29,752259988288
石見 英行,いわみ ひでゆき,72,1950-03-12,男,AB,iwami_hideyuki@example.net,03-6575-1596,090-5948-1220,658-0005,兵庫県神戸市東灘区本山町北畑3-4-6,NaN,5707139649841473,08/31,766875466451
茂木 桂一郎,もぎ けいいちろう,79,1942-11-10,男,B,mogi_keiichirou@example.jp,06-1264-6592,070-5321-7836,646-0061,和歌山県田辺市上の山3-2-24,NaN,377427412981106,02/29,676923939909
齊藤 秀人,さいとう ひでひと,62,1960-09-07,男,O,hidehito_saitou@example.net,06-7316-9321,090-8610-3442,861-4103,熊本県熊本市南区御幸笛田町3-5-29,NaN,5956044780060326,07/32,392529256635
臼井 有香,うすい ゆか,43,1979-09-23,女,O,yuka@example.ne.jp,05-5610-7648,050-2733-9245,930-0982,富山県富山市荒川2-2-12,山田工業株式会社,373394905916211,11/29,112541402417
倉島 一也,くらしま かずや,64,1958-06-08,男,AB,kurashima_kazuya@example.ne.jp,0664-28-8684,080-4949-2238,791-8005,愛媛県松山市東長戸3-2-22,NaN,374677648937247,01/23,181460548198
木戸 晴彦,きど はるひこ,40,1982-04-17,男,B,kido_haruhiko@example.jp,03-9688-6970,080-9544-1109,923-0174,石川県小松市花立町2-1-20,株式会社シバタ,4553275898407910,02/31,773639005345
阿形 葉月,あがた はづき,60,1961-12-06,女,B,agatahazuki@example.ne.jp,0525-75-3300,080-4483-2811,640-0313,和歌山県和歌山市境原5-3-29,株式会社リバティ,5030896131868519,01/26,111542828972
稲葉 広志,いなば ひろし,54,1968-08-17,男,O,hiroshi_inaba@example.jp,0684-36-4431,090-5395-1494,315-0006,茨城県石岡市並木5-2-2,株式会社トーワ,5254736250846031,01/31,313649853426
島野 由妃,しまの ゆき,60,1962-05-28,女,A,yuki_shimano@example.co.jp,0462-87-8658,050-3738-4133,130-371,秋田県横手市大雄文蔵開5-4-27,株式会社三陽,373177904604197,01/29,999711938721
谷島 一人,やじま かずひと,78,1943-11-24,男,O,kazuhitoyajima@example.com,03-2154-6013,090-2620-7813,193-0845,東京都八王子市初沢町4-4-14,NaN,5375936924526636,10/24,541206059708
安田 基樹,やすだ もとき,43,1979-04-02,男,A,motokiyasuda@example.jp,03-1663-1688,090-7570-8299,362-0811,埼玉県北足立郡伊奈町西小針4-4-29,株式会社大成,4966973234674366,05/28,165814844618
北口 里香,きたぐち りか,62,1960-04-15,女,AB,rika_kitaguchi@example.jp,08-6248-9127,080-1835-8284,922-0404,石川県加賀市源平町2-1-10,NaN,5079109254825020,08/29,308717407125
